{"vocabulary":{"tokens":["Cat","Dog","Smelly","Fluffy"]},"weights":{"matrix":{"rows":4,"columns":4,"elements":[0.9451706409454346,0.21542362868785858,0.20519757270812988,-0.7034184336662292,0.9104014039039612,-0.9685588479042053,0.26183995604515076,0.049267325550317764,0.1528281569480896,1.054872989654541,-0.5309435725212097,0.5049601197242737,-0.17398428916931152,-0.8979169130325317,-0.1081496924161911,-0.26094111800193787]}}}