{"vocabulary":{"tokens":["Cat","Dog","Smelly","Fluffy"]},"weights":{"matrix":{"rows":4,"columns":4,"elements":[0.5578399896621704,-0.4362845718860626,0.20667006075382233,-0.6322236061096191,-0.07540494203567505,-0.24927300214767456,-0.8792421817779541,-0.9889093637466431,0.03219873458147049,0.36079293489456177,0.9068745374679565,0.7835543751716614,-0.6166436076164246,0.03495653346180916,0.8780770897865295,-0.9799691438674927]}}}