{"vocabulary":{"tokens":["Fluffy","Cat","Smelly","Dog"]},"weights":{"matrix":{"rows":4,"columns":4,"elements":[0.2769831120967865,2.1685333251953125,0.16884371638298035,0.24108344316482544,0.30523961782455444,-0.32581207156181335,-0.6470039486885071,-0.9004026651382446,-0.41270148754119873,-0.9880040884017944,-0.38940170407295227,0.9334583282470703,-0.8363689184188843,0.629828691482544,0.48025357723236084,0.05329893156886101]}}}