{"vocabulary":{"tokens":["Fluffy","Cat","Smelly","Dog"]},"weights":{"matrix":{"rows":4,"columns":4,"elements":[-1.167739987373352,0.8655118942260742,-0.5016260743141174,-0.32476305961608887,-0.8416792750358582,-0.6766189336776733,-0.01791304349899292,-0.1777617335319519,-0.7854357361793518,-0.23033680021762848,-0.7089346647262573,1.4685661792755127,-0.8078360557556152,0.9128225445747375,-0.012586457654833794,-0.5407229065895081]}}}