{"vocabulary":{"tokens":["Fluffy","Cat","Smelly","Dog"]},"weights":{"matrix":{"rows":4,"columns":4,"elements":[-0.4167632460594177,1.1493165493011475,-1.21537446975708,-1.0791025161743164,-0.6876208186149597,-0.3221046030521393,0.6849674582481384,0.1592712551355362,-0.39254483580589294,-0.24927563965320587,-1.0229268074035645,1.0026516914367676,0.6755311489105225,0.5014765858650208,0.12189044803380966,0.006795599590986967]}}}