{"vocabulary":{"tokens":["Cat","Dog","Smelly","Fluffy"]},"weights":{"matrix":{"rows":4,"columns":4,"elements":[-0.9928413709134616,-0.2946536353267306,0.7681612306675865,-0.8590343798836639,0.3378113167315848,-0.2516970867347852,0.24065909741542768,0.03929502145352881,-0.4594174930981705,0.5654151518018318,-0.03411222361234323,0.4702193884215262,0.5721824305918237,0.11642145730637665,-0.6209377130776832,-0.5929967067385009]}}}