{"vocabulary":{"tokens":["Fluffy","Cat","Smelly","Dog"]},"weights":{"matrix":{"rows":4,"columns":4,"elements":[-1.0050908327102661,1.1722198724746704,-0.2667471468448639,-0.6603074073791504,0.012719237245619297,-0.05206713825464249,-0.9946639537811279,-0.16058705747127533,-0.8126004934310913,-1.046348214149475,-1.002083659172058,1.398869276046753,0.9906008243560791,-0.17300717532634735,0.39196541905403137,-0.6012232303619385]}}}